{"questionType": "open-ended", "asin": "0439381673", "answerTime": "Aug 11, 2014", "unixTime": 1407740400, "question": "It says above platform Mac, but I see in the questions that it does not for Mac Book Pro. What about regular Mac desktop??", "answer": "I used it with a pc. So, I have no idea. I hope it works for you. I really liked this as did the children in my class. We made it all the way to Ft. Vancouver."}
{"questionType": "yes/no", "asin": "0439381673", "answerTime": "Sep 24, 2014", "unixTime": 1411542000, "question": "Will this work for Mac OS X?", "answerType": "N", "answer": "No it has to have a Mac that runs on power pc not Intel processors"}
{"questionType": "yes/no", "asin": "0439381673", "answerTime": "May 23, 2014", "unixTime": 1400828400, "question": "I have Windows7, Will this work on my computer?", "answerType": "?", "answer": "Hi T.Lee, I have not had any trouble running this on Windows 7. The OS will work fine."}
{"questionType": "yes/no", "asin": "0439381673", "answerTime": "Apr 13, 2014", "unixTime": 1397372400, "question": "Will this work on Windows XP?", "answerType": "Y", "answer": "Yes! :P"}